year,saving_pct_mean,saving_pct_std
2021,1.3027451628356226,1.968729536901986
2022,0.7020557144611919,1.8047887507570755
2023,0.03420181310074573,0.6144074003047836
