year,mean,std,baseline
2021,4.566892416228166,2.1753483075667512,lagged
2022,0.8916909591646466,1.4740622233189218,lagged
2023,1.2898181759396772,1.3549961637984942,lagged
2021,4.567226628439996,2.1754342107088913,horizon
2022,0.8922154557378483,1.4739364422901156,horizon
2023,1.2885165422146043,1.3550404135835574,horizon
