year,mean,std,baseline
2021,4.7309620172353215,2.0751856364715264,lagged
2022,6.489315609754288,3.8207897487324693,lagged
2023,3.865700710332527,2.283329709780806,lagged
2021,1.3027451628356226,1.968729536901986,horizon
2022,0.7020557144611919,1.8047887507570755,horizon
2023,0.03420181310074573,0.6144074003047836,horizon
