year,mean,std,baseline
2021,4.565571246495887,2.1733515941724275,lagged
2022,0.895079656474941,1.4774298250965407,lagged
2023,1.2971773647925962,1.3582710894066048,lagged
2021,4.5643617727636885,2.172712219625986,horizon
2022,0.8949407589263746,1.479364243187331,horizon
2023,1.300699370243462,1.3552535091968558,horizon
