baseline,scope,n,mean_pct,std_pct,se_pct,ci95_lo_pct,ci95_hi_pct,t_stat,p_two_sided
lagged,2021,10,4.5656,2.1734,0.6873,3.2185,5.9126,6.643,9.449149913765956e-05
lagged,2022,10,0.8951,1.4774,0.4672,-0.0206,1.8108,1.916,0.08764117156227076
lagged,2023,10,1.2972,1.3583,0.4295,0.4553,2.139,3.02,0.014478342762497487
lagged,ALL_3yr_mean,10,2.2526,1.1017,0.3484,1.5698,2.9354,6.466,0.0001159501885526308
horizon,2021,10,4.5644,2.1727,0.6871,3.2177,5.911,6.643,9.447044254202274e-05
horizon,2022,10,0.8949,1.4794,0.4678,-0.022,1.8119,1.913,0.08803523020527258
horizon,2023,10,1.3007,1.3553,0.4286,0.4607,2.1407,3.035,0.014132188934455866
horizon,ALL_3yr_mean,10,2.2533,1.1025,0.3486,1.57,2.9367,6.463,0.00011632986845759228
