channel,MAE,RMSE,R2
W_pump,0.0,0.0,1.0
W_total,2.341435219932464e-06,6.114114967203932e-06,0.9999933008569332
T_out,6.309406307991594e-05,9.81287521426566e-05,0.9999984795592608
exergy_destruction,3.25687187796575e-06,7.545486823801184e-06,0.9999985495218517
