channel,MAE,RMSE,R2
W_pump,0.0012941313907504082,0.0032517521176487207,0.9989337651059415
W_total,0.006879955064505339,0.016339870169758797,0.9731179416903455
T_out,0.001482666004449129,0.002441325457766652,0.9994365488596373
exergy_destruction,0.00033246594830416143,0.0005099146510474384,0.9990993372265364
