channel,MAE,RMSE,R2
W_pump,9.086119945322935e-08,1.2542292893158447e-07,0.9999998208696463
W_total,3.7391407659015385e-06,6.563834631378995e-06,0.9999943707941337
T_out,4.793440530193038e-05,6.92414614604786e-05,0.9999995062754622
exergy_destruction,1.006822185445344e-05,2.0139297703281045e-05,0.9999930722541085
