aware,lagged,horizon,annual,constant,saving_vs_lagged_pct,saving_vs_horizon_pct,saving_vs_constant_pct,year
333890794.95034766,340677618.3059344,340677618.3059344,340660870.9929852,335873781.8719999,1.9921541630281334,1.9921541630281334,0.5903964610158126,2021
340941644.657351,339435717.9511808,339417014.0331979,339355239.80134493,337327976.0786729,-0.4436559344019272,-0.44919098369182386,-1.071262639015549,2022
320947778.3939224,328052011.36855745,328033390.37320197,328064090.47184175,330509325.6351263,2.1655812884663748,2.1600276640186875,2.892973510756427,2023
