year,aware_eur,blind_horizon_eur,blind_annual_eur,constant_eur,saving_vs_horizon_pct,saving_vs_annual_pct,saving_vs_constant_pct
2021,333890828.17250645,340686249.0263257,340664627.1004503,335873826.20446604,1.9946272775142597,1.98840689319542,0.5903996909697948
2022,340941786.06472325,339425056.8807219,339254355.5133347,337328079.0941999,-0.44685245041715455,-0.4973939240471257,-1.0712736930251865
2023,320947814.6885251,327975073.7079957,328145702.80252594,330509296.7565301,2.1426198460823196,2.1935036944038413,2.892954044511643
