aware,lagged,horizon,annual,constant,saving_vs_lagged_pct,saving_vs_horizon_pct,saving_vs_constant_pct,year
739071.2462508752,726054.7533531829,725258.6765256295,724405.2687905127,842064.059477499,-1.7927701509531329,-1.9045025136983091,12.230995025548399,2021
2016548.6879791885,1925432.8778628458,1921521.6179320621,1929524.4198935893,2214143.347477417,-4.732224694193323,-4.945407283494126,8.924203562671265,2022
931161.2462539996,877847.1622685882,873107.0910355083,865931.0308043489,1103492.6476487366,-6.073276337492943,-6.649144854572064,15.616905265470644,2023
